title,text,subject,date,label
You won't BELIEVE what energy did last night!!!,"Can you believe this? The energy scandal is bigger than anyone is saying. Sources say it's all a massive cover-up and the mainstream media is complicit. DISGUSTING and TOTALLY outrageous, share now!!!",politics,2017-02-22,Fake
Leaked: the TRUTH about climate they are hiding,"They don't want you to know this but the climate agenda is a total HOAX!!! Share this before it gets deleted. Everyone is lying to you and the so-called experts are in on it. Wake up people, the elites are laughing at you!",Government News,2017-08-15,Fake
"SHOCKING: immigration secret EXPOSED, media won't tell you!","Can you believe this? The immigration scandal is bigger than anyone is saying. Sources say it's all a massive cover-up and the mainstream media is complicit. DISGUSTING and TOTALLY outrageous, share now!!!",left-news,2017-04-04,Fake
"SHOCKING: tax secret EXPOSED, media won't tell you!",,politics,2017-10-02,Fake
Central bank holds interest rates steady amid education concerns,"WASHINGTON (Reuters) - Officials said on Tuesday that the education proposal would be reviewed by lawmakers, according to a statement. The spokesman said the process would take several weeks and that further details would be released after consultations with stakeholders.",worldnews,2017-08-08,Real
Leaked: the TRUTH about election they are hiding,"Can you believe this? The election scandal is bigger than anyone is saying. Sources say it's all a massive cover-up and the mainstream media is complicit. DISGUSTING and TOTALLY outrageous, share now!!!",left-news,2017-01-08,Fake
Senate committee approves education budget amendment,"LONDON (Reuters) - The ministry confirmed that the education measures will take effect next quarter. Analysts said the impact on the economy was expected to be modest, citing data published by the statistics office.",worldnews,2017-11-24,Real
,"Can you believe this? The health scandal is bigger than anyone is saying. Sources say it's all a massive cover-up and the mainstream media is complicit. DISGUSTING and TOTALLY outrageous, share now!!!",politics,2017-07-26,Fake
Wake up America! tax plot to destroy everything,"They don't want you to know this but the tax agenda is a total HOAX!!! Share this before it gets deleted. Everyone is lying to you and the so-called experts are in on it. Wake up people, the elites are laughing at you!",left-news,2017-06-04,Fake
Government announces new climate infrastructure plan,"WASHINGTON (Reuters) - Officials said on Monday that the climate proposal would be reviewed by lawmakers, according to a statement. The spokesman said the process would take several weeks and that further details would be released after consultations with stakeholders.",worldnews,2017-09-13,Real
Senate committee approves immigration budget amendment,"LONDON (Reuters) - The ministry confirmed that the immigration measures will take effect next quarter. Analysts said the impact on the economy was expected to be modest, citing data published by the statistics office.",politicsNews,2017-06-08,Real
Wake up America! energy plot to destroy everything,"They don't want you to know this but the energy agenda is a total HOAX!!! Share this before it gets deleted. Everyone is lying to you and the so-called experts are in on it. Wake up people, the elites are laughing at you!",politics,2017-02-09,Fake
Leaked: the TRUTH about immigration they are hiding,"They don't want you to know this but the immigration agenda is a total HOAX!!! Share this before it gets deleted. Everyone is lying to you and the so-called experts are in on it. Wake up people, the elites are laughing at you!",News,2017-02-02,Fake
Central bank holds interest rates steady amid health concerns,"WASHINGTON (Reuters) - Officials said on Tuesday that the health proposal would be reviewed by lawmakers, according to a statement. The spokesman said the process would take several weeks and that further details would be released after consultations with stakeholders.",politicsNews,2017-06-25,Real
Central bank holds interest rates steady amid health concerns,"LONDON (Reuters) - The ministry confirmed that the health measures will take effect next quarter. Analysts said the impact on the economy was expected to be modest, citing data published by the statistics office.",politicsNews,2017-04-04,Real
Court upholds ruling on defense regulation,"LONDON (Reuters) - The ministry confirmed that the defense measures will take effect next quarter. Analysts said the impact on the economy was expected to be modest, citing data published by the statistics office.",worldnews,2017-04-05,Real
Leaked: the TRUTH about tax they are hiding,"They don't want you to know this but the tax agenda is a total HOAX!!! Share this before it gets deleted. Everyone is lying to you and the so-called experts are in on it. Wake up people, the elites are laughing at you!",politics,2017-03-15,Fake
BREAKING: education cover-up revealed by anonymous insider,"They don't want you to know this but the education agenda is a total HOAX!!! Share this before it gets deleted. Everyone is lying to you and the so-called experts are in on it. Wake up people, the elites are laughing at you!",Government News,2017-05-01,Fake
Government announces new defense infrastructure plan,"LONDON (Reuters) - The ministry confirmed that the defense measures will take effect next quarter. Analysts said the impact on the economy was expected to be modest, citing data published by the statistics office.",politicsNews,2017-07-28,Real
Leaked: the TRUTH about defense they are hiding,"They don't want you to know this but the defense agenda is a total HOAX!!! Share this before it gets deleted. Everyone is lying to you and the so-called experts are in on it. Wake up people, the elites are laughing at you!",News,2017-02-23,Fake
BREAKING: defense cover-up revealed by anonymous insider,"Can you believe this? The defense scandal is bigger than anyone is saying. Sources say it's all a massive cover-up and the mainstream media is complicit. DISGUSTING and TOTALLY outrageous, share now!!!",left-news,2017-08-17,Fake
Court upholds ruling on tax regulation,"LONDON (Reuters) - The ministry confirmed that the tax measures will take effect next quarter. Analysts said the impact on the economy was expected to be modest, citing data published by the statistics office.",politicsNews,2017-12-16,Real
Wake up America! election plot to destroy everything,"Can you believe this? The election scandal is bigger than anyone is saying. Sources say it's all a massive cover-up and the mainstream media is complicit. DISGUSTING and TOTALLY outrageous, share now!!!",Government News,2017-09-17,Fake
Government announces new climate infrastructure plan,"WASHINGTON (Reuters) - Officials said on Tuesday that the climate proposal would be reviewed by lawmakers, according to a statement. The spokesman said the process would take several weeks and that further details would be released after consultations with stakeholders.",worldnews,2017-01-08,Real
Leaked: the TRUTH about education they are hiding,"Can you believe this? The education scandal is bigger than anyone is saying. Sources say it's all a massive cover-up and the mainstream media is complicit. DISGUSTING and TOTALLY outrageous, share now!!!",Government News,2017-07-27,Fake
Government announces new climate infrastructure plan,"LONDON (Reuters) - The ministry confirmed that the climate measures will take effect next quarter. Analysts said the impact on the economy was expected to be modest, citing data published by the statistics office.",worldnews,2017-09-28,Real
You won't BELIEVE what education did last night!!!,"Can you believe this? The education scandal is bigger than anyone is saying. Sources say it's all a massive cover-up and the mainstream media is complicit. DISGUSTING and TOTALLY outrageous, share now!!!",News,2017-09-21,Fake
Senate committee approves climate budget amendment,"LONDON (Reuters) - The ministry confirmed that the climate measures will take effect next quarter. Analysts said the impact on the economy was expected to be modest, citing data published by the statistics office.",worldnews,2017-11-22,Real
Wake up America! tax plot to destroy everything,"Can you believe this? The tax scandal is bigger than anyone is saying. Sources say it's all a massive cover-up and the mainstream media is complicit. DISGUSTING and TOTALLY outrageous, share now!!!",left-news,2017-03-27,Fake
Officials report election trade talks to resume next week,"WASHINGTON (Reuters) - Officials said on Monday that the election proposal would be reviewed by lawmakers, according to a statement. The spokesman said the process would take several weeks and that further details would be released after consultations with stakeholders.",worldnews,2017-09-21,Real
BREAKING: education cover-up revealed by anonymous insider,"They don't want you to know this but the education agenda is a total HOAX!!! Share this before it gets deleted. Everyone is lying to you and the so-called experts are in on it. Wake up people, the elites are laughing at you!",Government News,2017-09-27,Fake
Court upholds ruling on energy regulation,"WASHINGTON (Reuters) - Officials said on Friday that the energy proposal would be reviewed by lawmakers, according to a statement. The spokesman said the process would take several weeks and that further details would be released after consultations with stakeholders.",worldnews,2017-06-22,Real
"SHOCKING: energy secret EXPOSED, media won't tell you!","They don't want you to know this but the energy agenda is a total HOAX!!! Share this before it gets deleted. Everyone is lying to you and the so-called experts are in on it. Wake up people, the elites are laughing at you!",Government News,2017-08-25,Fake
Leaked: the TRUTH about climate they are hiding,"They don't want you to know this but the climate agenda is a total HOAX!!! Share this before it gets deleted. Everyone is lying to you and the so-called experts are in on it. Wake up people, the elites are laughing at you!",politics,2017-03-26,Fake
"SHOCKING: education secret EXPOSED, media won't tell you!","They don't want you to know this but the education agenda is a total HOAX!!! Share this before it gets deleted. Everyone is lying to you and the so-called experts are in on it. Wake up people, the elites are laughing at you!",left-news,2017-02-04,Fake
Court upholds ruling on health regulation,"LONDON (Reuters) - The ministry confirmed that the health measures will take effect next quarter. Analysts said the impact on the economy was expected to be modest, citing data published by the statistics office.",politicsNews,2017-06-10,Real
BREAKING: climate cover-up revealed by anonymous insider,"They don't want you to know this but the climate agenda is a total HOAX!!! Share this before it gets deleted. Everyone is lying to you and the so-called experts are in on it. Wake up people, the elites are laughing at you!",Government News,2017-01-24,Fake
Officials report health trade talks to resume next week,"WASHINGTON (Reuters) - Officials said on Tuesday that the health proposal would be reviewed by lawmakers, according to a statement. The spokesman said the process would take several weeks and that further details would be released after consultations with stakeholders.",politicsNews,2017-08-12,Real
Government announces new election infrastructure plan,"WASHINGTON (Reuters) - Officials said on Monday that the election proposal would be reviewed by lawmakers, according to a statement. The spokesman said the process would take several weeks and that further details would be released after consultations with stakeholders.",politicsNews,2017-08-05,Real
Leaked: the TRUTH about climate they are hiding,"They don't want you to know this but the climate agenda is a total HOAX!!! Share this before it gets deleted. Everyone is lying to you and the so-called experts are in on it. Wake up people, the elites are laughing at you!",News,2017-04-10,Fake
Wake up America! health plot to destroy everything,"They don't want you to know this but the health agenda is a total HOAX!!! Share this before it gets deleted. Everyone is lying to you and the so-called experts are in on it. Wake up people, the elites are laughing at you!",Government News,2017-02-28,Fake
Senate committee approves energy budget amendment,"WASHINGTON (Reuters) - Officials said on Monday that the energy proposal would be reviewed by lawmakers, according to a statement. The spokesman said the process would take several weeks and that further details would be released after consultations with stakeholders.",worldnews,2017-04-06,Real
You won't BELIEVE what health did last night!!!,"Can you believe this? The health scandal is bigger than anyone is saying. Sources say it's all a massive cover-up and the mainstream media is complicit. DISGUSTING and TOTALLY outrageous, share now!!!",News,2017-03-24,Fake
Court upholds ruling on energy regulation,"LONDON (Reuters) - The ministry confirmed that the energy measures will take effect next quarter. Analysts said the impact on the economy was expected to be modest, citing data published by the statistics office.",worldnews,2017-03-07,Real
Court upholds ruling on education regulation,"LONDON (Reuters) - The ministry confirmed that the education measures will take effect next quarter. Analysts said the impact on the economy was expected to be modest, citing data published by the statistics office.",worldnews,2017-12-10,Real
Court upholds ruling on immigration regulation,"LONDON (Reuters) - The ministry confirmed that the immigration measures will take effect next quarter. Analysts said the impact on the economy was expected to be modest, citing data published by the statistics office.",worldnews,2017-05-04,Real
Wake up America! defense plot to destroy everything,"Can you believe this? The defense scandal is bigger than anyone is saying. Sources say it's all a massive cover-up and the mainstream media is complicit. DISGUSTING and TOTALLY outrageous, share now!!!",Government News,2017-04-18,Fake
Leaked: the TRUTH about defense they are hiding,"Can you believe this? The defense scandal is bigger than anyone is saying. Sources say it's all a massive cover-up and the mainstream media is complicit. DISGUSTING and TOTALLY outrageous, share now!!!",politics,2017-03-06,Fake
Central bank holds interest rates steady amid immigration concerns,"LONDON (Reuters) - The ministry confirmed that the immigration measures will take effect next quarter. Analysts said the impact on the economy was expected to be modest, citing data published by the statistics office.",politicsNews,2017-01-28,Real
Officials report health trade talks to resume next week,"WASHINGTON (Reuters) - Officials said on Friday that the health proposal would be reviewed by lawmakers, according to a statement. The spokesman said the process would take several weeks and that further details would be released after consultations with stakeholders.",politicsNews,2017-05-23,Real
Officials report tax trade talks to resume next week,"WASHINGTON (Reuters) - Officials said on Monday that the tax proposal would be reviewed by lawmakers, according to a statement. The spokesman said the process would take several weeks and that further details would be released after consultations with stakeholders.",politicsNews,2017-03-24,Real
Government announces new energy infrastructure plan,"LONDON (Reuters) - The ministry confirmed that the energy measures will take effect next quarter. Analysts said the impact on the economy was expected to be modest, citing data published by the statistics office.",politicsNews,2017-05-25,Real
Wake up America! education plot to destroy everything,"They don't want you to know this but the education agenda is a total HOAX!!! Share this before it gets deleted. Everyone is lying to you and the so-called experts are in on it. Wake up people, the elites are laughing at you!",left-news,2017-12-16,Fake
Leaked: the TRUTH about climate they are hiding,"Can you believe this? The climate scandal is bigger than anyone is saying. Sources say it's all a massive cover-up and the mainstream media is complicit. DISGUSTING and TOTALLY outrageous, share now!!!",News,2017-07-01,Fake
Central bank holds interest rates steady amid education concerns,"WASHINGTON (Reuters) - Officials said on Tuesday that the education proposal would be reviewed by lawmakers, according to a statement. The spokesman said the process would take several weeks and that further details would be released after consultations with stakeholders.",worldnews,2017-09-08,Real
"SHOCKING: election secret EXPOSED, media won't tell you!","They don't want you to know this but the election agenda is a total HOAX!!! Share this before it gets deleted. Everyone is lying to you and the so-called experts are in on it. Wake up people, the elites are laughing at you!",left-news,2017-08-16,Fake
Central bank holds interest rates steady amid health concerns,"WASHINGTON (Reuters) - Officials said on Tuesday that the health proposal would be reviewed by lawmakers, according to a statement. The spokesman said the process would take several weeks and that further details would be released after consultations with stakeholders.",worldnews,2017-06-10,Real
Court upholds ruling on health regulation,"WASHINGTON (Reuters) - Officials said on Tuesday that the health proposal would be reviewed by lawmakers, according to a statement. The spokesman said the process would take several weeks and that further details would be released after consultations with stakeholders.",politicsNews,2017-04-18,Real
Court upholds ruling on tax regulation,"LONDON (Reuters) - The ministry confirmed that the tax measures will take effect next quarter. Analysts said the impact on the economy was expected to be modest, citing data published by the statistics office.",worldnews,2017-10-15,Real
Leaked: the TRUTH about immigration they are hiding,"They don't want you to know this but the immigration agenda is a total HOAX!!! Share this before it gets deleted. Everyone is lying to you and the so-called experts are in on it. Wake up people, the elites are laughing at you!",Government News,2017-09-08,Fake
Officials report defense trade talks to resume next week,"WASHINGTON (Reuters) - Officials said on Friday that the defense proposal would be reviewed by lawmakers, according to a statement. The spokesman said the process would take several weeks and that further details would be released after consultations with stakeholders.",politicsNews,2017-07-04,Real
Officials report election trade talks to resume next week,"LONDON (Reuters) - The ministry confirmed that the election measures will take effect next quarter. Analysts said the impact on the economy was expected to be modest, citing data published by the statistics office.",worldnews,2017-06-28,Real
Government announces new health infrastructure plan,"LONDON (Reuters) - The ministry confirmed that the health measures will take effect next quarter. Analysts said the impact on the economy was expected to be modest, citing data published by the statistics office.",worldnews,2017-02-17,Real
Wake up America! defense plot to destroy everything,"Can you believe this? The defense scandal is bigger than anyone is saying. Sources say it's all a massive cover-up and the mainstream media is complicit. DISGUSTING and TOTALLY outrageous, share now!!!",Government News,2017-05-22,Fake
Central bank holds interest rates steady amid climate concerns,"LONDON (Reuters) - The ministry confirmed that the climate measures will take effect next quarter. Analysts said the impact on the economy was expected to be modest, citing data published by the statistics office.",worldnews,2017-08-18,Real
Government announces new education infrastructure plan,"WASHINGTON (Reuters) - Officials said on Monday that the education proposal would be reviewed by lawmakers, according to a statement. The spokesman said the process would take several weeks and that further details would be released after consultations with stakeholders.",worldnews,2017-10-05,Real
Wake up America! defense plot to destroy everything,"They don't want you to know this but the defense agenda is a total HOAX!!! Share this before it gets deleted. Everyone is lying to you and the so-called experts are in on it. Wake up people, the elites are laughing at you!",politics,2017-07-01,Fake
Senate committee approves energy budget amendment,"WASHINGTON (Reuters) - Officials said on Friday that the energy proposal would be reviewed by lawmakers, according to a statement. The spokesman said the process would take several weeks and that further details would be released after consultations with stakeholders.",worldnews,2017-08-02,Real
You won't BELIEVE what tax did last night!!!,"They don't want you to know this but the tax agenda is a total HOAX!!! Share this before it gets deleted. Everyone is lying to you and the so-called experts are in on it. Wake up people, the elites are laughing at you!",politics,2017-07-23,Fake
You won't BELIEVE what immigration did last night!!!,"They don't want you to know this but the immigration agenda is a total HOAX!!! Share this before it gets deleted. Everyone is lying to you and the so-called experts are in on it. Wake up people, the elites are laughing at you!",Government News,2017-09-12,Fake
Court upholds ruling on immigration regulation,"WASHINGTON (Reuters) - Officials said on Tuesday that the immigration proposal would be reviewed by lawmakers, according to a statement. The spokesman said the process would take several weeks and that further details would be released after consultations with stakeholders.",politicsNews,2017-09-12,Real
You won't BELIEVE what tax did last night!!!,"They don't want you to know this but the tax agenda is a total HOAX!!! Share this before it gets deleted. Everyone is lying to you and the so-called experts are in on it. Wake up people, the elites are laughing at you!",Government News,2017-10-03,Fake
Wake up America! election plot to destroy everything,"They don't want you to know this but the election agenda is a total HOAX!!! Share this before it gets deleted. Everyone is lying to you and the so-called experts are in on it. Wake up people, the elites are laughing at you!",News,2017-05-08,Fake
BREAKING: energy cover-up revealed by anonymous insider,"Can you believe this? The energy scandal is bigger than anyone is saying. Sources say it's all a massive cover-up and the mainstream media is complicit. DISGUSTING and TOTALLY outrageous, share now!!!",Government News,2017-02-15,Fake
Officials report health trade talks to resume next week,"WASHINGTON (Reuters) - Officials said on Friday that the health proposal would be reviewed by lawmakers, according to a statement. The spokesman said the process would take several weeks and that further details would be released after consultations with stakeholders.",politicsNews,2017-10-16,Real
Court upholds ruling on immigration regulation,"WASHINGTON (Reuters) - Officials said on Monday that the immigration proposal would be reviewed by lawmakers, according to a statement. The spokesman said the process would take several weeks and that further details would be released after consultations with stakeholders.",worldnews,2017-05-11,Real
Court upholds ruling on election regulation,"LONDON (Reuters) - The ministry confirmed that the election measures will take effect next quarter. Analysts said the impact on the economy was expected to be modest, citing data published by the statistics office.",politicsNews,2017-03-11,Real
"SHOCKING: immigration secret EXPOSED, media won't tell you!","They don't want you to know this but the immigration agenda is a total HOAX!!! Share this before it gets deleted. Everyone is lying to you and the so-called experts are in on it. Wake up people, the elites are laughing at you!",Government News,2017-02-12,Fake
Wake up America! climate plot to destroy everything,"They don't want you to know this but the climate agenda is a total HOAX!!! Share this before it gets deleted. Everyone is lying to you and the so-called experts are in on it. Wake up people, the elites are laughing at you!",Government News,2017-04-09,Fake
Central bank holds interest rates steady amid health concerns,"WASHINGTON (Reuters) - Officials said on Monday that the health proposal would be reviewed by lawmakers, according to a statement. The spokesman said the process would take several weeks and that further details would be released after consultations with stakeholders.",worldnews,2017-08-16,Real
Court upholds ruling on immigration regulation,"WASHINGTON (Reuters) - Officials said on Monday that the immigration proposal would be reviewed by lawmakers, according to a statement. The spokesman said the process would take several weeks and that further details would be released after consultations with stakeholders.",politicsNews,2017-04-28,Real
Wake up America! immigration plot to destroy everything,"They don't want you to know this but the immigration agenda is a total HOAX!!! Share this before it gets deleted. Everyone is lying to you and the so-called experts are in on it. Wake up people, the elites are laughing at you!",Government News,2017-10-07,Fake
Court upholds ruling on immigration regulation,"WASHINGTON (Reuters) - Officials said on Monday that the immigration proposal would be reviewed by lawmakers, according to a statement. The spokesman said the process would take several weeks and that further details would be released after consultations with stakeholders.",worldnews,2017-04-01,Real
Leaked: the TRUTH about election they are hiding,"Can you believe this? The election scandal is bigger than anyone is saying. Sources say it's all a massive cover-up and the mainstream media is complicit. DISGUSTING and TOTALLY outrageous, share now!!!",left-news,2017-01-16,Fake
Senate committee approves health budget amendment,"WASHINGTON (Reuters) - Officials said on Friday that the health proposal would be reviewed by lawmakers, according to a statement. The spokesman said the process would take several weeks and that further details would be released after consultations with stakeholders.",worldnews,2017-12-11,Real
Wake up America! energy plot to destroy everything,"Can you believe this? The energy scandal is bigger than anyone is saying. Sources say it's all a massive cover-up and the mainstream media is complicit. DISGUSTING and TOTALLY outrageous, share now!!!",left-news,2017-11-24,Fake
Government announces new immigration infrastructure plan,"LONDON (Reuters) - The ministry confirmed that the immigration measures will take effect next quarter. Analysts said the impact on the economy was expected to be modest, citing data published by the statistics office.",worldnews,2017-09-05,Real
Officials report health trade talks to resume next week,"WASHINGTON (Reuters) - Officials said on Tuesday that the health proposal would be reviewed by lawmakers, according to a statement. The spokesman said the process would take several weeks and that further details would be released after consultations with stakeholders.",politicsNews,2017-06-25,Real
"SHOCKING: energy secret EXPOSED, media won't tell you!","They don't want you to know this but the energy agenda is a total HOAX!!! Share this before it gets deleted. Everyone is lying to you and the so-called experts are in on it. Wake up people, the elites are laughing at you!",left-news,2017-10-21,Fake
BREAKING: climate cover-up revealed by anonymous insider,"They don't want you to know this but the climate agenda is a total HOAX!!! Share this before it gets deleted. Everyone is lying to you and the so-called experts are in on it. Wake up people, the elites are laughing at you!",News,2017-03-28,Fake
BREAKING: election cover-up revealed by anonymous insider,"They don't want you to know this but the election agenda is a total HOAX!!! Share this before it gets deleted. Everyone is lying to you and the so-called experts are in on it. Wake up people, the elites are laughing at you!",News,2017-05-03,Fake
"SHOCKING: health secret EXPOSED, media won't tell you!","Can you believe this? The health scandal is bigger than anyone is saying. Sources say it's all a massive cover-up and the mainstream media is complicit. DISGUSTING and TOTALLY outrageous, share now!!!",left-news,2017-02-10,Fake
Court upholds ruling on immigration regulation,"LONDON (Reuters) - The ministry confirmed that the immigration measures will take effect next quarter. Analysts said the impact on the economy was expected to be modest, citing data published by the statistics office.",worldnews,2017-03-09,Real
You won't BELIEVE what climate did last night!!!,"Can you believe this? The climate scandal is bigger than anyone is saying. Sources say it's all a massive cover-up and the mainstream media is complicit. DISGUSTING and TOTALLY outrageous, share now!!!",politics,2017-10-18,Fake
Officials report immigration trade talks to resume next week,"WASHINGTON (Reuters) - Officials said on Friday that the immigration proposal would be reviewed by lawmakers, according to a statement. The spokesman said the process would take several weeks and that further details would be released after consultations with stakeholders.",worldnews,2017-04-21,Real
Court upholds ruling on health regulation,"LONDON (Reuters) - The ministry confirmed that the health measures will take effect next quarter. Analysts said the impact on the economy was expected to be modest, citing data published by the statistics office.",politicsNews,2017-10-26,Real
Central bank holds interest rates steady amid tax concerns,"LONDON (Reuters) - The ministry confirmed that the tax measures will take effect next quarter. Analysts said the impact on the economy was expected to be modest, citing data published by the statistics office.",politicsNews,2017-10-08,Real
Central bank holds interest rates steady amid election concerns,"WASHINGTON (Reuters) - Officials said on Monday that the election proposal would be reviewed by lawmakers, according to a statement. The spokesman said the process would take several weeks and that further details would be released after consultations with stakeholders.",politicsNews,2017-11-12,Real
Officials report energy trade talks to resume next week,"LONDON (Reuters) - The ministry confirmed that the energy measures will take effect next quarter. Analysts said the impact on the economy was expected to be modest, citing data published by the statistics office.",worldnews,2017-07-25,Real
Central bank holds interest rates steady amid election concerns,"WASHINGTON (Reuters) - Officials said on Tuesday that the election proposal would be reviewed by lawmakers, according to a statement. The spokesman said the process would take several weeks and that further details would be released after consultations with stakeholders.",worldnews,2017-08-04,Real
"SHOCKING: tax secret EXPOSED, media won't tell you!","Can you believe this? The tax scandal is bigger than anyone is saying. Sources say it's all a massive cover-up and the mainstream media is complicit. DISGUSTING and TOTALLY outrageous, share now!!!",politics,2017-03-18,Fake
You won't BELIEVE what election did last night!!!,"They don't want you to know this but the election agenda is a total HOAX!!! Share this before it gets deleted. Everyone is lying to you and the so-called experts are in on it. Wake up people, the elites are laughing at you!",left-news,2017-04-02,Fake
"SHOCKING: health secret EXPOSED, media won't tell you!","Can you believe this? The health scandal is bigger than anyone is saying. Sources say it's all a massive cover-up and the mainstream media is complicit. DISGUSTING and TOTALLY outrageous, share now!!!",politics,2017-03-26,Fake
BREAKING: climate cover-up revealed by anonymous insider,"Can you believe this? The climate scandal is bigger than anyone is saying. Sources say it's all a massive cover-up and the mainstream media is complicit. DISGUSTING and TOTALLY outrageous, share now!!!",politics,2017-02-01,Fake
Court upholds ruling on election regulation,"WASHINGTON (Reuters) - Officials said on Tuesday that the election proposal would be reviewed by lawmakers, according to a statement. The spokesman said the process would take several weeks and that further details would be released after consultations with stakeholders.",worldnews,2017-02-11,Real
Leaked: the TRUTH about energy they are hiding,"They don't want you to know this but the energy agenda is a total HOAX!!! Share this before it gets deleted. Everyone is lying to you and the so-called experts are in on it. Wake up people, the elites are laughing at you!",News,2017-09-07,Fake
Wake up America! defense plot to destroy everything,"Can you believe this? The defense scandal is bigger than anyone is saying. Sources say it's all a massive cover-up and the mainstream media is complicit. DISGUSTING and TOTALLY outrageous, share now!!!",News,2017-02-27,Fake
BREAKING: defense cover-up revealed by anonymous insider,"They don't want you to know this but the defense agenda is a total HOAX!!! Share this before it gets deleted. Everyone is lying to you and the so-called experts are in on it. Wake up people, the elites are laughing at you!",left-news,2017-01-23,Fake
You won't BELIEVE what tax did last night!!!,"Can you believe this? The tax scandal is bigger than anyone is saying. Sources say it's all a massive cover-up and the mainstream media is complicit. DISGUSTING and TOTALLY outrageous, share now!!!",News,2017-10-01,Fake
Central bank holds interest rates steady amid tax concerns,"LONDON (Reuters) - The ministry confirmed that the tax measures will take effect next quarter. Analysts said the impact on the economy was expected to be modest, citing data published by the statistics office.",politicsNews,2017-04-28,Real
Leaked: the TRUTH about tax they are hiding,"They don't want you to know this but the tax agenda is a total HOAX!!! Share this before it gets deleted. Everyone is lying to you and the so-called experts are in on it. Wake up people, the elites are laughing at you!",left-news,2017-06-24,Fake
Central bank holds interest rates steady amid climate concerns,"LONDON (Reuters) - The ministry confirmed that the climate measures will take effect next quarter. Analysts said the impact on the economy was expected to be modest, citing data published by the statistics office.",politicsNews,2017-08-20,Real
Court upholds ruling on education regulation,"LONDON (Reuters) - The ministry confirmed that the education measures will take effect next quarter. Analysts said the impact on the economy was expected to be modest, citing data published by the statistics office.",worldnews,2017-08-03,Real
BREAKING: defense cover-up revealed by anonymous insider,"Can you believe this? The defense scandal is bigger than anyone is saying. Sources say it's all a massive cover-up and the mainstream media is complicit. DISGUSTING and TOTALLY outrageous, share now!!!",politics,2017-09-05,Fake
You won't BELIEVE what immigration did last night!!!,"They don't want you to know this but the immigration agenda is a total HOAX!!! Share this before it gets deleted. Everyone is lying to you and the so-called experts are in on it. Wake up people, the elites are laughing at you!",left-news,2017-06-24,Fake
You won't BELIEVE what education did last night!!!,"Can you believe this? The education scandal is bigger than anyone is saying. Sources say it's all a massive cover-up and the mainstream media is complicit. DISGUSTING and TOTALLY outrageous, share now!!!",Government News,2017-09-01,Fake
Central bank holds interest rates steady amid election concerns,"WASHINGTON (Reuters) - Officials said on Monday that the election proposal would be reviewed by lawmakers, according to a statement. The spokesman said the process would take several weeks and that further details would be released after consultations with stakeholders.",politicsNews,2017-06-01,Real
Court upholds ruling on energy regulation,"WASHINGTON (Reuters) - Officials said on Monday that the energy proposal would be reviewed by lawmakers, according to a statement. The spokesman said the process would take several weeks and that further details would be released after consultations with stakeholders.",worldnews,2017-12-03,Real
You won't BELIEVE what immigration did last night!!!,"They don't want you to know this but the immigration agenda is a total HOAX!!! Share this before it gets deleted. Everyone is lying to you and the so-called experts are in on it. Wake up people, the elites are laughing at you!",left-news,2017-11-25,Fake
Government announces new election infrastructure plan,"WASHINGTON (Reuters) - Officials said on Friday that the election proposal would be reviewed by lawmakers, according to a statement. The spokesman said the process would take several weeks and that further details would be released after consultations with stakeholders.",politicsNews,2017-09-07,Real
Leaked: the TRUTH about immigration they are hiding,"They don't want you to know this but the immigration agenda is a total HOAX!!! Share this before it gets deleted. Everyone is lying to you and the so-called experts are in on it. Wake up people, the elites are laughing at you!",left-news,2017-02-11,Fake
Wake up America! tax plot to destroy everything,"They don't want you to know this but the tax agenda is a total HOAX!!! Share this before it gets deleted. Everyone is lying to you and the so-called experts are in on it. Wake up people, the elites are laughing at you!",left-news,2017-01-02,Fake
"SHOCKING: health secret EXPOSED, media won't tell you!","They don't want you to know this but the health agenda is a total HOAX!!! Share this before it gets deleted. Everyone is lying to you and the so-called experts are in on it. Wake up people, the elites are laughing at you!",Government News,2017-07-15,Fake
BREAKING: climate cover-up revealed by anonymous insider,"Can you believe this? The climate scandal is bigger than anyone is saying. Sources say it's all a massive cover-up and the mainstream media is complicit. DISGUSTING and TOTALLY outrageous, share now!!!",Government News,2017-08-28,Fake
Wake up America! energy plot to destroy everything,"They don't want you to know this but the energy agenda is a total HOAX!!! Share this before it gets deleted. Everyone is lying to you and the so-called experts are in on it. Wake up people, the elites are laughing at you!",News,2017-05-13,Fake
Court upholds ruling on education regulation,"LONDON (Reuters) - The ministry confirmed that the education measures will take effect next quarter. Analysts said the impact on the economy was expected to be modest, citing data published by the statistics office.",politicsNews,2017-08-18,Real
You won't BELIEVE what tax did last night!!!,"They don't want you to know this but the tax agenda is a total HOAX!!! Share this before it gets deleted. Everyone is lying to you and the so-called experts are in on it. Wake up people, the elites are laughing at you!",politics,2017-09-15,Fake
Senate committee approves immigration budget amendment,"LONDON (Reuters) - The ministry confirmed that the immigration measures will take effect next quarter. Analysts said the impact on the economy was expected to be modest, citing data published by the statistics office.",worldnews,2017-11-25,Real
You won't BELIEVE what defense did last night!!!,"They don't want you to know this but the defense agenda is a total HOAX!!! Share this before it gets deleted. Everyone is lying to you and the so-called experts are in on it. Wake up people, the elites are laughing at you!",politics,2017-07-11,Fake
"SHOCKING: climate secret EXPOSED, media won't tell you!","Can you believe this? The climate scandal is bigger than anyone is saying. Sources say it's all a massive cover-up and the mainstream media is complicit. DISGUSTING and TOTALLY outrageous, share now!!!",politics,2017-10-15,Fake
Leaked: the TRUTH about climate they are hiding,"They don't want you to know this but the climate agenda is a total HOAX!!! Share this before it gets deleted. Everyone is lying to you and the so-called experts are in on it. Wake up people, the elites are laughing at you!",Government News,2017-05-24,Fake
Senate committee approves education budget amendment,"LONDON (Reuters) - The ministry confirmed that the education measures will take effect next quarter. Analysts said the impact on the economy was expected to be modest, citing data published by the statistics office.",worldnews,2017-12-26,Real
Court upholds ruling on immigration regulation,"WASHINGTON (Reuters) - Officials said on Monday that the immigration proposal would be reviewed by lawmakers, according to a statement. The spokesman said the process would take several weeks and that further details would be released after consultations with stakeholders.",worldnews,2017-01-24,Real
Officials report defense trade talks to resume next week,"WASHINGTON (Reuters) - Officials said on Monday that the defense proposal would be reviewed by lawmakers, according to a statement. The spokesman said the process would take several weeks and that further details would be released after consultations with stakeholders.",politicsNews,2017-05-28,Real
You won't BELIEVE what climate did last night!!!,"They don't want you to know this but the climate agenda is a total HOAX!!! Share this before it gets deleted. Everyone is lying to you and the so-called experts are in on it. Wake up people, the elites are laughing at you!",politics,2017-12-25,Fake
Central bank holds interest rates steady amid education concerns,"LONDON (Reuters) - The ministry confirmed that the education measures will take effect next quarter. Analysts said the impact on the economy was expected to be modest, citing data published by the statistics office.",worldnews,2017-10-01,Real
BREAKING: energy cover-up revealed by anonymous insider,"Can you believe this? The energy scandal is bigger than anyone is saying. Sources say it's all a massive cover-up and the mainstream media is complicit. DISGUSTING and TOTALLY outrageous, share now!!!",left-news,2017-02-01,Fake
Wake up America! election plot to destroy everything,"They don't want you to know this but the election agenda is a total HOAX!!! Share this before it gets deleted. Everyone is lying to you and the so-called experts are in on it. Wake up people, the elites are laughing at you!",politics,2017-07-18,Fake
Court upholds ruling on defense regulation,"WASHINGTON (Reuters) - Officials said on Monday that the defense proposal would be reviewed by lawmakers, according to a statement. The spokesman said the process would take several weeks and that further details would be released after consultations with stakeholders.",politicsNews,2017-06-28,Real
Court upholds ruling on climate regulation,"LONDON (Reuters) - The ministry confirmed that the climate measures will take effect next quarter. Analysts said the impact on the economy was expected to be modest, citing data published by the statistics office.",worldnews,2017-12-24,Real
Leaked: the TRUTH about energy they are hiding,"They don't want you to know this but the energy agenda is a total HOAX!!! Share this before it gets deleted. Everyone is lying to you and the so-called experts are in on it. Wake up people, the elites are laughing at you!",left-news,2017-11-17,Fake
"SHOCKING: defense secret EXPOSED, media won't tell you!","Can you believe this? The defense scandal is bigger than anyone is saying. Sources say it's all a massive cover-up and the mainstream media is complicit. DISGUSTING and TOTALLY outrageous, share now!!!",News,2017-10-26,Fake
BREAKING: tax cover-up revealed by anonymous insider,"Can you believe this? The tax scandal is bigger than anyone is saying. Sources say it's all a massive cover-up and the mainstream media is complicit. DISGUSTING and TOTALLY outrageous, share now!!!",News,2017-12-10,Fake
Leaked: the TRUTH about education they are hiding,"Can you believe this? The education scandal is bigger than anyone is saying. Sources say it's all a massive cover-up and the mainstream media is complicit. DISGUSTING and TOTALLY outrageous, share now!!!",left-news,2017-01-03,Fake
BREAKING: immigration cover-up revealed by anonymous insider,"They don't want you to know this but the immigration agenda is a total HOAX!!! Share this before it gets deleted. Everyone is lying to you and the so-called experts are in on it. Wake up people, the elites are laughing at you!",politics,2017-06-14,Fake
Government announces new health infrastructure plan,"WASHINGTON (Reuters) - Officials said on Monday that the health proposal would be reviewed by lawmakers, according to a statement. The spokesman said the process would take several weeks and that further details would be released after consultations with stakeholders.",politicsNews,2017-12-16,Real
Government announces new health infrastructure plan,"WASHINGTON (Reuters) - Officials said on Tuesday that the health proposal would be reviewed by lawmakers, according to a statement. The spokesman said the process would take several weeks and that further details would be released after consultations with stakeholders.",worldnews,2017-08-15,Real
Government announces new defense infrastructure plan,"WASHINGTON (Reuters) - Officials said on Friday that the defense proposal would be reviewed by lawmakers, according to a statement. The spokesman said the process would take several weeks and that further details would be released after consultations with stakeholders.",worldnews,2017-10-02,Real
Court upholds ruling on immigration regulation,"WASHINGTON (Reuters) - Officials said on Monday that the immigration proposal would be reviewed by lawmakers, according to a statement. The spokesman said the process would take several weeks and that further details would be released after consultations with stakeholders.",politicsNews,2017-02-03,Real
Government announces new election infrastructure plan,"LONDON (Reuters) - The ministry confirmed that the election measures will take effect next quarter. Analysts said the impact on the economy was expected to be modest, citing data published by the statistics office.",politicsNews,2017-04-10,Real
Government announces new energy infrastructure plan,"WASHINGTON (Reuters) - Officials said on Friday that the energy proposal would be reviewed by lawmakers, according to a statement. The spokesman said the process would take several weeks and that further details would be released after consultations with stakeholders.",politicsNews,2017-11-20,Real
Central bank holds interest rates steady amid education concerns,"LONDON (Reuters) - The ministry confirmed that the education measures will take effect next quarter. Analysts said the impact on the economy was expected to be modest, citing data published by the statistics office.",worldnews,2017-12-16,Real
Government announces new election infrastructure plan,"LONDON (Reuters) - The ministry confirmed that the election measures will take effect next quarter. Analysts said the impact on the economy was expected to be modest, citing data published by the statistics office.",worldnews,2017-03-15,Real
BREAKING: climate cover-up revealed by anonymous insider,"Can you believe this? The climate scandal is bigger than anyone is saying. Sources say it's all a massive cover-up and the mainstream media is complicit. DISGUSTING and TOTALLY outrageous, share now!!!",News,2017-10-03,Fake
Government announces new election infrastructure plan,"LONDON (Reuters) - The ministry confirmed that the election measures will take effect next quarter. Analysts said the impact on the economy was expected to be modest, citing data published by the statistics office.",politicsNews,2017-12-14,Real
Central bank holds interest rates steady amid tax concerns,"WASHINGTON (Reuters) - Officials said on Monday that the tax proposal would be reviewed by lawmakers, according to a statement. The spokesman said the process would take several weeks and that further details would be released after consultations with stakeholders.",worldnews,2017-10-18,Real
BREAKING: defense cover-up revealed by anonymous insider,"They don't want you to know this but the defense agenda is a total HOAX!!! Share this before it gets deleted. Everyone is lying to you and the so-called experts are in on it. Wake up people, the elites are laughing at you!",News,2017-07-28,Fake
Central bank holds interest rates steady amid climate concerns,"WASHINGTON (Reuters) - Officials said on Monday that the climate proposal would be reviewed by lawmakers, according to a statement. The spokesman said the process would take several weeks and that further details would be released after consultations with stakeholders.",worldnews,2017-09-17,Real
You won't BELIEVE what education did last night!!!,"Can you believe this? The education scandal is bigger than anyone is saying. Sources say it's all a massive cover-up and the mainstream media is complicit. DISGUSTING and TOTALLY outrageous, share now!!!",Government News,2017-05-24,Fake
Officials report tax trade talks to resume next week,"WASHINGTON (Reuters) - Officials said on Friday that the tax proposal would be reviewed by lawmakers, according to a statement. The spokesman said the process would take several weeks and that further details would be released after consultations with stakeholders.",worldnews,2017-06-11,Real
Leaked: the TRUTH about education they are hiding,"Can you believe this? The education scandal is bigger than anyone is saying. Sources say it's all a massive cover-up and the mainstream media is complicit. DISGUSTING and TOTALLY outrageous, share now!!!",left-news,2017-02-22,Fake
Officials report education trade talks to resume next week,"WASHINGTON (Reuters) - Officials said on Tuesday that the education proposal would be reviewed by lawmakers, according to a statement. The spokesman said the process would take several weeks and that further details would be released after consultations with stakeholders.",politicsNews,2017-12-07,Real
BREAKING: election cover-up revealed by anonymous insider,"They don't want you to know this but the election agenda is a total HOAX!!! Share this before it gets deleted. Everyone is lying to you and the so-called experts are in on it. Wake up people, the elites are laughing at you!",politics,2017-05-12,Fake
Court upholds ruling on defense regulation,"WASHINGTON (Reuters) - Officials said on Tuesday that the defense proposal would be reviewed by lawmakers, according to a statement. The spokesman said the process would take several weeks and that further details would be released after consultations with stakeholders.",worldnews,2017-11-19,Real
Senate committee approves energy budget amendment,"WASHINGTON (Reuters) - Officials said on Tuesday that the energy proposal would be reviewed by lawmakers, according to a statement. The spokesman said the process would take several weeks and that further details would be released after consultations with stakeholders.",worldnews,2017-12-05,Real
BREAKING: tax cover-up revealed by anonymous insider,"Can you believe this? The tax scandal is bigger than anyone is saying. Sources say it's all a massive cover-up and the mainstream media is complicit. DISGUSTING and TOTALLY outrageous, share now!!!",left-news,2017-11-09,Fake
You won't BELIEVE what tax did last night!!!,"Can you believe this? The tax scandal is bigger than anyone is saying. Sources say it's all a massive cover-up and the mainstream media is complicit. DISGUSTING and TOTALLY outrageous, share now!!!",left-news,2017-09-23,Fake
Court upholds ruling on energy regulation,"WASHINGTON (Reuters) - Officials said on Monday that the energy proposal would be reviewed by lawmakers, according to a statement. The spokesman said the process would take several weeks and that further details would be released after consultations with stakeholders.",politicsNews,2017-09-05,Real
Officials report climate trade talks to resume next week,"WASHINGTON (Reuters) - Officials said on Monday that the climate proposal would be reviewed by lawmakers, according to a statement. The spokesman said the process would take several weeks and that further details would be released after consultations with stakeholders.",worldnews,2017-02-02,Real
Senate committee approves climate budget amendment,"WASHINGTON (Reuters) - Officials said on Tuesday that the climate proposal would be reviewed by lawmakers, according to a statement. The spokesman said the process would take several weeks and that further details would be released after consultations with stakeholders.",worldnews,2017-03-21,Real
Leaked: the TRUTH about tax they are hiding,"Can you believe this? The tax scandal is bigger than anyone is saying. Sources say it's all a massive cover-up and the mainstream media is complicit. DISGUSTING and TOTALLY outrageous, share now!!!",politics,2017-01-12,Fake
BREAKING: election cover-up revealed by anonymous insider,"Can you believe this? The election scandal is bigger than anyone is saying. Sources say it's all a massive cover-up and the mainstream media is complicit. DISGUSTING and TOTALLY outrageous, share now!!!",News,2017-03-02,Fake
Government announces new health infrastructure plan,"LONDON (Reuters) - The ministry confirmed that the health measures will take effect next quarter. Analysts said the impact on the economy was expected to be modest, citing data published by the statistics office.",worldnews,2017-11-01,Real
Senate committee approves climate budget amendment,"WASHINGTON (Reuters) - Officials said on Friday that the climate proposal would be reviewed by lawmakers, according to a statement. The spokesman said the process would take several weeks and that further details would be released after consultations with stakeholders.",worldnews,2017-08-25,Real
Central bank holds interest rates steady amid tax concerns,"LONDON (Reuters) - The ministry confirmed that the tax measures will take effect next quarter. Analysts said the impact on the economy was expected to be modest, citing data published by the statistics office.",worldnews,2017-06-06,Real
Officials report immigration trade talks to resume next week,"LONDON (Reuters) - The ministry confirmed that the immigration measures will take effect next quarter. Analysts said the impact on the economy was expected to be modest, citing data published by the statistics office.",worldnews,2017-10-20,Real
Central bank holds interest rates steady amid defense concerns,"LONDON (Reuters) - The ministry confirmed that the defense measures will take effect next quarter. Analysts said the impact on the economy was expected to be modest, citing data published by the statistics office.",politicsNews,2017-02-02,Real
"SHOCKING: defense secret EXPOSED, media won't tell you!","They don't want you to know this but the defense agenda is a total HOAX!!! Share this before it gets deleted. Everyone is lying to you and the so-called experts are in on it. Wake up people, the elites are laughing at you!",politics,2017-03-16,Fake
Senate committee approves health budget amendment,"LONDON (Reuters) - The ministry confirmed that the health measures will take effect next quarter. Analysts said the impact on the economy was expected to be modest, citing data published by the statistics office.",worldnews,2017-09-13,Real
Court upholds ruling on climate regulation,"WASHINGTON (Reuters) - Officials said on Friday that the climate proposal would be reviewed by lawmakers, according to a statement. The spokesman said the process would take several weeks and that further details would be released after consultations with stakeholders.",worldnews,2017-08-09,Real
Central bank holds interest rates steady amid election concerns,"WASHINGTON (Reuters) - Officials said on Monday that the election proposal would be reviewed by lawmakers, according to a statement. The spokesman said the process would take several weeks and that further details would be released after consultations with stakeholders.",politicsNews,2017-06-08,Real
Senate committee approves energy budget amendment,"WASHINGTON (Reuters) - Officials said on Tuesday that the energy proposal would be reviewed by lawmakers, according to a statement. The spokesman said the process would take several weeks and that further details would be released after consultations with stakeholders.",worldnews,2017-07-26,Real
Court upholds ruling on immigration regulation,"LONDON (Reuters) - The ministry confirmed that the immigration measures will take effect next quarter. Analysts said the impact on the economy was expected to be modest, citing data published by the statistics office.",worldnews,2017-07-09,Real
Government announces new health infrastructure plan,"LONDON (Reuters) - The ministry confirmed that the health measures will take effect next quarter. Analysts said the impact on the economy was expected to be modest, citing data published by the statistics office.",worldnews,2017-01-07,Real
Court upholds ruling on immigration regulation,"WASHINGTON (Reuters) - Officials said on Monday that the immigration proposal would be reviewed by lawmakers, according to a statement. The spokesman said the process would take several weeks and that further details would be released after consultations with stakeholders.",politicsNews,2017-07-19,Real
Government announces new climate infrastructure plan,"LONDON (Reuters) - The ministry confirmed that the climate measures will take effect next quarter. Analysts said the impact on the economy was expected to be modest, citing data published by the statistics office.",politicsNews,2017-05-24,Real
Court upholds ruling on immigration regulation,"LONDON (Reuters) - The ministry confirmed that the immigration measures will take effect next quarter. Analysts said the impact on the economy was expected to be modest, citing data published by the statistics office.",worldnews,2017-11-26,Real
"SHOCKING: energy secret EXPOSED, media won't tell you!","Can you believe this? The energy scandal is bigger than anyone is saying. Sources say it's all a massive cover-up and the mainstream media is complicit. DISGUSTING and TOTALLY outrageous, share now!!!",News,2017-05-07,Fake
Central bank holds interest rates steady amid defense concerns,"WASHINGTON (Reuters) - Officials said on Monday that the defense proposal would be reviewed by lawmakers, according to a statement. The spokesman said the process would take several weeks and that further details would be released after consultations with stakeholders.",worldnews,2017-03-23,Real
Leaked: the TRUTH about election they are hiding,"Can you believe this? The election scandal is bigger than anyone is saying. Sources say it's all a massive cover-up and the mainstream media is complicit. DISGUSTING and TOTALLY outrageous, share now!!!",Government News,2017-10-27,Fake
Court upholds ruling on education regulation,"LONDON (Reuters) - The ministry confirmed that the education measures will take effect next quarter. Analysts said the impact on the economy was expected to be modest, citing data published by the statistics office.",politicsNews,2017-10-24,Real
"SHOCKING: health secret EXPOSED, media won't tell you!","Can you believe this? The health scandal is bigger than anyone is saying. Sources say it's all a massive cover-up and the mainstream media is complicit. DISGUSTING and TOTALLY outrageous, share now!!!",left-news,2017-02-21,Fake
Government announces new tax infrastructure plan,"LONDON (Reuters) - The ministry confirmed that the tax measures will take effect next quarter. Analysts said the impact on the economy was expected to be modest, citing data published by the statistics office.",worldnews,2017-10-18,Real
BREAKING: health cover-up revealed by anonymous insider,"Can you believe this? The health scandal is bigger than anyone is saying. Sources say it's all a massive cover-up and the mainstream media is complicit. DISGUSTING and TOTALLY outrageous, share now!!!",left-news,2017-02-07,Fake
Central bank holds interest rates steady amid health concerns,"WASHINGTON (Reuters) - Officials said on Tuesday that the health proposal would be reviewed by lawmakers, according to a statement. The spokesman said the process would take several weeks and that further details would be released after consultations with stakeholders.",politicsNews,2017-01-08,Real
Court upholds ruling on tax regulation,"LONDON (Reuters) - The ministry confirmed that the tax measures will take effect next quarter. Analysts said the impact on the economy was expected to be modest, citing data published by the statistics office.",worldnews,2017-12-28,Real
Leaked: the TRUTH about health they are hiding,"They don't want you to know this but the health agenda is a total HOAX!!! Share this before it gets deleted. Everyone is lying to you and the so-called experts are in on it. Wake up people, the elites are laughing at you!",Government News,2017-11-19,Fake
"SHOCKING: immigration secret EXPOSED, media won't tell you!","Can you believe this? The immigration scandal is bigger than anyone is saying. Sources say it's all a massive cover-up and the mainstream media is complicit. DISGUSTING and TOTALLY outrageous, share now!!!",politics,2017-07-28,Fake
"SHOCKING: immigration secret EXPOSED, media won't tell you!","Can you believe this? The immigration scandal is bigger than anyone is saying. Sources say it's all a massive cover-up and the mainstream media is complicit. DISGUSTING and TOTALLY outrageous, share now!!!",Government News,2017-02-14,Fake
Central bank holds interest rates steady amid energy concerns,"LONDON (Reuters) - The ministry confirmed that the energy measures will take effect next quarter. Analysts said the impact on the economy was expected to be modest, citing data published by the statistics office.",worldnews,2017-04-28,Real
Central bank holds interest rates steady amid immigration concerns,"LONDON (Reuters) - The ministry confirmed that the immigration measures will take effect next quarter. Analysts said the impact on the economy was expected to be modest, citing data published by the statistics office.",worldnews,2017-11-06,Real
Court upholds ruling on climate regulation,"WASHINGTON (Reuters) - Officials said on Monday that the climate proposal would be reviewed by lawmakers, according to a statement. The spokesman said the process would take several weeks and that further details would be released after consultations with stakeholders.",worldnews,2017-09-25,Real
Wake up America! climate plot to destroy everything,"Can you believe this? The climate scandal is bigger than anyone is saying. Sources say it's all a massive cover-up and the mainstream media is complicit. DISGUSTING and TOTALLY outrageous, share now!!!",left-news,2017-03-16,Fake
Court upholds ruling on energy regulation,"WASHINGTON (Reuters) - Officials said on Friday that the energy proposal would be reviewed by lawmakers, according to a statement. The spokesman said the process would take several weeks and that further details would be released after consultations with stakeholders.",politicsNews,2017-12-21,Real
"SHOCKING: energy secret EXPOSED, media won't tell you!","Can you believe this? The energy scandal is bigger than anyone is saying. Sources say it's all a massive cover-up and the mainstream media is complicit. DISGUSTING and TOTALLY outrageous, share now!!!",left-news,2017-02-27,Fake
Officials report defense trade talks to resume next week,"LONDON (Reuters) - The ministry confirmed that the defense measures will take effect next quarter. Analysts said the impact on the economy was expected to be modest, citing data published by the statistics office.",worldnews,2017-07-24,Real
Officials report defense trade talks to resume next week,"LONDON (Reuters) - The ministry confirmed that the defense measures will take effect next quarter. Analysts said the impact on the economy was expected to be modest, citing data published by the statistics office.",worldnews,2017-02-01,Real
You won't BELIEVE what climate did last night!!!,"Can you believe this? The climate scandal is bigger than anyone is saying. Sources say it's all a massive cover-up and the mainstream media is complicit. DISGUSTING and TOTALLY outrageous, share now!!!",left-news,2017-08-02,Fake
You won't BELIEVE what education did last night!!!,"They don't want you to know this but the education agenda is a total HOAX!!! Share this before it gets deleted. Everyone is lying to you and the so-called experts are in on it. Wake up people, the elites are laughing at you!",left-news,2017-12-08,Fake
Leaked: the TRUTH about education they are hiding,"Can you believe this? The education scandal is bigger than anyone is saying. Sources say it's all a massive cover-up and the mainstream media is complicit. DISGUSTING and TOTALLY outrageous, share now!!!",politics,2017-08-18,Fake
Wake up America! education plot to destroy everything,"They don't want you to know this but the education agenda is a total HOAX!!! Share this before it gets deleted. Everyone is lying to you and the so-called experts are in on it. Wake up people, the elites are laughing at you!",left-news,2017-04-19,Fake
Central bank holds interest rates steady amid tax concerns,"WASHINGTON (Reuters) - Officials said on Monday that the tax proposal would be reviewed by lawmakers, according to a statement. The spokesman said the process would take several weeks and that further details would be released after consultations with stakeholders.",politicsNews,2017-12-21,Real
Government announces new immigration infrastructure plan,"LONDON (Reuters) - The ministry confirmed that the immigration measures will take effect next quarter. Analysts said the impact on the economy was expected to be modest, citing data published by the statistics office.",worldnews,2017-09-20,Real
Officials report energy trade talks to resume next week,"WASHINGTON (Reuters) - Officials said on Tuesday that the energy proposal would be reviewed by lawmakers, according to a statement. The spokesman said the process would take several weeks and that further details would be released after consultations with stakeholders.",worldnews,2017-04-22,Real
Officials report immigration trade talks to resume next week,"WASHINGTON (Reuters) - Officials said on Friday that the immigration proposal would be reviewed by lawmakers, according to a statement. The spokesman said the process would take several weeks and that further details would be released after consultations with stakeholders.",worldnews,2017-09-04,Real
"SHOCKING: climate secret EXPOSED, media won't tell you!","Can you believe this? The climate scandal is bigger than anyone is saying. Sources say it's all a massive cover-up and the mainstream media is complicit. DISGUSTING and TOTALLY outrageous, share now!!!",left-news,2017-06-04,Fake
Officials report education trade talks to resume next week,"LONDON (Reuters) - The ministry confirmed that the education measures will take effect next quarter. Analysts said the impact on the economy was expected to be modest, citing data published by the statistics office.",politicsNews,2017-11-08,Real
Wake up America! health plot to destroy everything,"Can you believe this? The health scandal is bigger than anyone is saying. Sources say it's all a massive cover-up and the mainstream media is complicit. DISGUSTING and TOTALLY outrageous, share now!!!",News,2017-11-13,Fake
You won't BELIEVE what health did last night!!!,"Can you believe this? The health scandal is bigger than anyone is saying. Sources say it's all a massive cover-up and the mainstream media is complicit. DISGUSTING and TOTALLY outrageous, share now!!!",News,2017-08-14,Fake
Wake up America! immigration plot to destroy everything,"Can you believe this? The immigration scandal is bigger than anyone is saying. Sources say it's all a massive cover-up and the mainstream media is complicit. DISGUSTING and TOTALLY outrageous, share now!!!",left-news,2017-12-15,Fake
"SHOCKING: immigration secret EXPOSED, media won't tell you!","They don't want you to know this but the immigration agenda is a total HOAX!!! Share this before it gets deleted. Everyone is lying to you and the so-called experts are in on it. Wake up people, the elites are laughing at you!",left-news,2017-03-19,Fake
BREAKING: climate cover-up revealed by anonymous insider,"They don't want you to know this but the climate agenda is a total HOAX!!! Share this before it gets deleted. Everyone is lying to you and the so-called experts are in on it. Wake up people, the elites are laughing at you!",left-news,2017-04-15,Fake
You won't BELIEVE what defense did last night!!!,"Can you believe this? The defense scandal is bigger than anyone is saying. Sources say it's all a massive cover-up and the mainstream media is complicit. DISGUSTING and TOTALLY outrageous, share now!!!",politics,2017-07-02,Fake
Officials report health trade talks to resume next week,"LONDON (Reuters) - The ministry confirmed that the health measures will take effect next quarter. Analysts said the impact on the economy was expected to be modest, citing data published by the statistics office.",politicsNews,2017-06-14,Real
Officials report immigration trade talks to resume next week,"LONDON (Reuters) - The ministry confirmed that the immigration measures will take effect next quarter. Analysts said the impact on the economy was expected to be modest, citing data published by the statistics office.",worldnews,2017-07-05,Real
Central bank holds interest rates steady amid immigration concerns,"LONDON (Reuters) - The ministry confirmed that the immigration measures will take effect next quarter. Analysts said the impact on the economy was expected to be modest, citing data published by the statistics office.",politicsNews,2017-05-13,Real
Senate committee approves health budget amendment,"LONDON (Reuters) - The ministry confirmed that the health measures will take effect next quarter. Analysts said the impact on the economy was expected to be modest, citing data published by the statistics office.",politicsNews,2017-10-11,Real
Court upholds ruling on immigration regulation,"LONDON (Reuters) - The ministry confirmed that the immigration measures will take effect next quarter. Analysts said the impact on the economy was expected to be modest, citing data published by the statistics office.",politicsNews,2017-09-16,Real
Government announces new health infrastructure plan,"WASHINGTON (Reuters) - Officials said on Tuesday that the health proposal would be reviewed by lawmakers, according to a statement. The spokesman said the process would take several weeks and that further details would be released after consultations with stakeholders.",politicsNews,2017-11-14,Real
"SHOCKING: climate secret EXPOSED, media won't tell you!","They don't want you to know this but the climate agenda is a total HOAX!!! Share this before it gets deleted. Everyone is lying to you and the so-called experts are in on it. Wake up people, the elites are laughing at you!",politics,2017-07-15,Fake
"SHOCKING: immigration secret EXPOSED, media won't tell you!","Can you believe this? The immigration scandal is bigger than anyone is saying. Sources say it's all a massive cover-up and the mainstream media is complicit. DISGUSTING and TOTALLY outrageous, share now!!!",politics,2017-03-02,Fake
Wake up America! election plot to destroy everything,"They don't want you to know this but the election agenda is a total HOAX!!! Share this before it gets deleted. Everyone is lying to you and the so-called experts are in on it. Wake up people, the elites are laughing at you!",politics,2017-07-13,Fake
"SHOCKING: tax secret EXPOSED, media won't tell you!","They don't want you to know this but the tax agenda is a total HOAX!!! Share this before it gets deleted. Everyone is lying to you and the so-called experts are in on it. Wake up people, the elites are laughing at you!",politics,2017-05-18,Fake
You won't BELIEVE what election did last night!!!,"They don't want you to know this but the election agenda is a total HOAX!!! Share this before it gets deleted. Everyone is lying to you and the so-called experts are in on it. Wake up people, the elites are laughing at you!",politics,2017-03-03,Fake
Officials report immigration trade talks to resume next week,"LONDON (Reuters) - The ministry confirmed that the immigration measures will take effect next quarter. Analysts said the impact on the economy was expected to be modest, citing data published by the statistics office.",politicsNews,2017-11-09,Real
Court upholds ruling on tax regulation,"WASHINGTON (Reuters) - Officials said on Friday that the tax proposal would be reviewed by lawmakers, according to a statement. The spokesman said the process would take several weeks and that further details would be released after consultations with stakeholders.",worldnews,2017-10-05,Real
Court upholds ruling on election regulation,"LONDON (Reuters) - The ministry confirmed that the election measures will take effect next quarter. Analysts said the impact on the economy was expected to be modest, citing data published by the statistics office.",politicsNews,2017-02-04,Real
Court upholds ruling on climate regulation,"WASHINGTON (Reuters) - Officials said on Friday that the climate proposal would be reviewed by lawmakers, according to a statement. The spokesman said the process would take several weeks and that further details would be released after consultations with stakeholders.",worldnews,2017-06-14,Real
Senate committee approves climate budget amendment,"WASHINGTON (Reuters) - Officials said on Tuesday that the climate proposal would be reviewed by lawmakers, according to a statement. The spokesman said the process would take several weeks and that further details would be released after consultations with stakeholders.",worldnews,2017-10-12,Real
BREAKING: defense cover-up revealed by anonymous insider,"Can you believe this? The defense scandal is bigger than anyone is saying. Sources say it's all a massive cover-up and the mainstream media is complicit. DISGUSTING and TOTALLY outrageous, share now!!!",politics,2017-05-15,Fake
Wake up America! energy plot to destroy everything,"They don't want you to know this but the energy agenda is a total HOAX!!! Share this before it gets deleted. Everyone is lying to you and the so-called experts are in on it. Wake up people, the elites are laughing at you!",News,2017-05-12,Fake
Wake up America! education plot to destroy everything,"Can you believe this? The education scandal is bigger than anyone is saying. Sources say it's all a massive cover-up and the mainstream media is complicit. DISGUSTING and TOTALLY outrageous, share now!!!",Government News,2017-05-07,Fake
Wake up America! energy plot to destroy everything,"They don't want you to know this but the energy agenda is a total HOAX!!! Share this before it gets deleted. Everyone is lying to you and the so-called experts are in on it. Wake up people, the elites are laughing at you!",News,2017-08-26,Fake
Court upholds ruling on education regulation,"LONDON (Reuters) - The ministry confirmed that the education measures will take effect next quarter. Analysts said the impact on the economy was expected to be modest, citing data published by the statistics office.",politicsNews,2017-02-19,Real
You won't BELIEVE what tax did last night!!!,"They don't want you to know this but the tax agenda is a total HOAX!!! Share this before it gets deleted. Everyone is lying to you and the so-called experts are in on it. Wake up people, the elites are laughing at you!",left-news,2017-11-03,Fake
"SHOCKING: election secret EXPOSED, media won't tell you!","They don't want you to know this but the election agenda is a total HOAX!!! Share this before it gets deleted. Everyone is lying to you and the so-called experts are in on it. Wake up people, the elites are laughing at you!",left-news,2017-05-08,Fake
Central bank holds interest rates steady amid energy concerns,"WASHINGTON (Reuters) - Officials said on Monday that the energy proposal would be reviewed by lawmakers, according to a statement. The spokesman said the process would take several weeks and that further details would be released after consultations with stakeholders.",politicsNews,2017-01-14,Real
Wake up America! tax plot to destroy everything,"Can you believe this? The tax scandal is bigger than anyone is saying. Sources say it's all a massive cover-up and the mainstream media is complicit. DISGUSTING and TOTALLY outrageous, share now!!!",left-news,2017-05-19,Fake
Wake up America! health plot to destroy everything,"Can you believe this? The health scandal is bigger than anyone is saying. Sources say it's all a massive cover-up and the mainstream media is complicit. DISGUSTING and TOTALLY outrageous, share now!!!",Government News,2017-11-04,Fake
Wake up America! tax plot to destroy everything,"Can you believe this? The tax scandal is bigger than anyone is saying. Sources say it's all a massive cover-up and the mainstream media is complicit. DISGUSTING and TOTALLY outrageous, share now!!!",Government News,2017-11-27,Fake
"SHOCKING: election secret EXPOSED, media won't tell you!","Can you believe this? The election scandal is bigger than anyone is saying. Sources say it's all a massive cover-up and the mainstream media is complicit. DISGUSTING and TOTALLY outrageous, share now!!!",left-news,2017-12-03,Fake
Court upholds ruling on immigration regulation,"WASHINGTON (Reuters) - Officials said on Friday that the immigration proposal would be reviewed by lawmakers, according to a statement. The spokesman said the process would take several weeks and that further details would be released after consultations with stakeholders.",worldnews,2017-03-24,Real
Wake up America! energy plot to destroy everything,"They don't want you to know this but the energy agenda is a total HOAX!!! Share this before it gets deleted. Everyone is lying to you and the so-called experts are in on it. Wake up people, the elites are laughing at you!",politics,2017-09-19,Fake
Government announces new election infrastructure plan,"WASHINGTON (Reuters) - Officials said on Friday that the election proposal would be reviewed by lawmakers, according to a statement. The spokesman said the process would take several weeks and that further details would be released after consultations with stakeholders.",politicsNews,2017-12-05,Real
Wake up America! energy plot to destroy everything,"Can you believe this? The energy scandal is bigger than anyone is saying. Sources say it's all a massive cover-up and the mainstream media is complicit. DISGUSTING and TOTALLY outrageous, share now!!!",left-news,2017-03-19,Fake
You won't BELIEVE what tax did last night!!!,"They don't want you to know this but the tax agenda is a total HOAX!!! Share this before it gets deleted. Everyone is lying to you and the so-called experts are in on it. Wake up people, the elites are laughing at you!",politics,2017-08-01,Fake
Officials report immigration trade talks to resume next week,"WASHINGTON (Reuters) - Officials said on Monday that the immigration proposal would be reviewed by lawmakers, according to a statement. The spokesman said the process would take several weeks and that further details would be released after consultations with stakeholders.",politicsNews,2017-09-21,Real
Leaked: the TRUTH about tax they are hiding,"They don't want you to know this but the tax agenda is a total HOAX!!! Share this before it gets deleted. Everyone is lying to you and the so-called experts are in on it. Wake up people, the elites are laughing at you!",politics,2017-11-16,Fake
Court upholds ruling on election regulation,"WASHINGTON (Reuters) - Officials said on Friday that the election proposal would be reviewed by lawmakers, according to a statement. The spokesman said the process would take several weeks and that further details would be released after consultations with stakeholders.",politicsNews,2017-06-20,Real
Officials report education trade talks to resume next week,"LONDON (Reuters) - The ministry confirmed that the education measures will take effect next quarter. Analysts said the impact on the economy was expected to be modest, citing data published by the statistics office.",worldnews,2017-11-27,Real
You won't BELIEVE what energy did last night!!!,"Can you believe this? The energy scandal is bigger than anyone is saying. Sources say it's all a massive cover-up and the mainstream media is complicit. DISGUSTING and TOTALLY outrageous, share now!!!",Government News,2017-10-13,Fake
Leaked: the TRUTH about education they are hiding,"Can you believe this? The education scandal is bigger than anyone is saying. Sources say it's all a massive cover-up and the mainstream media is complicit. DISGUSTING and TOTALLY outrageous, share now!!!",News,2017-09-07,Fake
Government announces new energy infrastructure plan,"LONDON (Reuters) - The ministry confirmed that the energy measures will take effect next quarter. Analysts said the impact on the economy was expected to be modest, citing data published by the statistics office.",politicsNews,2017-09-25,Real
Officials report defense trade talks to resume next week,"WASHINGTON (Reuters) - Officials said on Friday that the defense proposal would be reviewed by lawmakers, according to a statement. The spokesman said the process would take several weeks and that further details would be released after consultations with stakeholders.",politicsNews,2017-03-01,Real
"SHOCKING: energy secret EXPOSED, media won't tell you!","They don't want you to know this but the energy agenda is a total HOAX!!! Share this before it gets deleted. Everyone is lying to you and the so-called experts are in on it. Wake up people, the elites are laughing at you!",politics,2017-02-20,Fake
You won't BELIEVE what climate did last night!!!,"Can you believe this? The climate scandal is bigger than anyone is saying. Sources say it's all a massive cover-up and the mainstream media is complicit. DISGUSTING and TOTALLY outrageous, share now!!!",left-news,2017-01-25,Fake
You won't BELIEVE what education did last night!!!,"Can you believe this? The education scandal is bigger than anyone is saying. Sources say it's all a massive cover-up and the mainstream media is complicit. DISGUSTING and TOTALLY outrageous, share now!!!",News,2017-04-12,Fake
"SHOCKING: tax secret EXPOSED, media won't tell you!","Can you believe this? The tax scandal is bigger than anyone is saying. Sources say it's all a massive cover-up and the mainstream media is complicit. DISGUSTING and TOTALLY outrageous, share now!!!",Government News,2017-12-24,Fake
Senate committee approves health budget amendment,"WASHINGTON (Reuters) - Officials said on Monday that the health proposal would be reviewed by lawmakers, according to a statement. The spokesman said the process would take several weeks and that further details would be released after consultations with stakeholders.",worldnews,2017-02-17,Real
Wake up America! tax plot to destroy everything,"Can you believe this? The tax scandal is bigger than anyone is saying. Sources say it's all a massive cover-up and the mainstream media is complicit. DISGUSTING and TOTALLY outrageous, share now!!!",News,2017-10-21,Fake
"SHOCKING: immigration secret EXPOSED, media won't tell you!","They don't want you to know this but the immigration agenda is a total HOAX!!! Share this before it gets deleted. Everyone is lying to you and the so-called experts are in on it. Wake up people, the elites are laughing at you!",politics,2017-04-24,Fake
Court upholds ruling on immigration regulation,"LONDON (Reuters) - The ministry confirmed that the immigration measures will take effect next quarter. Analysts said the impact on the economy was expected to be modest, citing data published by the statistics office.",politicsNews,2017-02-22,Real
Government announces new tax infrastructure plan,"LONDON (Reuters) - The ministry confirmed that the tax measures will take effect next quarter. Analysts said the impact on the economy was expected to be modest, citing data published by the statistics office.",worldnews,2017-01-08,Real
Senate committee approves climate budget amendment,"LONDON (Reuters) - The ministry confirmed that the climate measures will take effect next quarter. Analysts said the impact on the economy was expected to be modest, citing data published by the statistics office.",politicsNews,2017-09-18,Real
BREAKING: education cover-up revealed by anonymous insider,"Can you believe this? The education scandal is bigger than anyone is saying. Sources say it's all a massive cover-up and the mainstream media is complicit. DISGUSTING and TOTALLY outrageous, share now!!!",News,2017-03-28,Fake
Leaked: the TRUTH about tax they are hiding,"They don't want you to know this but the tax agenda is a total HOAX!!! Share this before it gets deleted. Everyone is lying to you and the so-called experts are in on it. Wake up people, the elites are laughing at you!",Government News,2017-01-01,Fake
Officials report defense trade talks to resume next week,"WASHINGTON (Reuters) - Officials said on Monday that the defense proposal would be reviewed by lawmakers, according to a statement. The spokesman said the process would take several weeks and that further details would be released after consultations with stakeholders.",politicsNews,2017-10-11,Real
"SHOCKING: climate secret EXPOSED, media won't tell you!","Can you believe this? The climate scandal is bigger than anyone is saying. Sources say it's all a massive cover-up and the mainstream media is complicit. DISGUSTING and TOTALLY outrageous, share now!!!",left-news,2017-10-07,Fake
Leaked: the TRUTH about immigration they are hiding,"Can you believe this? The immigration scandal is bigger than anyone is saying. Sources say it's all a massive cover-up and the mainstream media is complicit. DISGUSTING and TOTALLY outrageous, share now!!!",Government News,2017-01-07,Fake
Central bank holds interest rates steady amid energy concerns,"WASHINGTON (Reuters) - Officials said on Friday that the energy proposal would be reviewed by lawmakers, according to a statement. The spokesman said the process would take several weeks and that further details would be released after consultations with stakeholders.",worldnews,2017-07-11,Real
BREAKING: energy cover-up revealed by anonymous insider,"They don't want you to know this but the energy agenda is a total HOAX!!! Share this before it gets deleted. Everyone is lying to you and the so-called experts are in on it. Wake up people, the elites are laughing at you!",politics,2017-06-10,Fake
BREAKING: climate cover-up revealed by anonymous insider,"They don't want you to know this but the climate agenda is a total HOAX!!! Share this before it gets deleted. Everyone is lying to you and the so-called experts are in on it. Wake up people, the elites are laughing at you!",News,2017-06-14,Fake
Court upholds ruling on education regulation,"WASHINGTON (Reuters) - Officials said on Monday that the education proposal would be reviewed by lawmakers, according to a statement. The spokesman said the process would take several weeks and that further details would be released after consultations with stakeholders.",politicsNews,2017-06-14,Real
Court upholds ruling on education regulation,"LONDON (Reuters) - The ministry confirmed that the education measures will take effect next quarter. Analysts said the impact on the economy was expected to be modest, citing data published by the statistics office.",politicsNews,2017-11-27,Real
Government announces new education infrastructure plan,"LONDON (Reuters) - The ministry confirmed that the education measures will take effect next quarter. Analysts said the impact on the economy was expected to be modest, citing data published by the statistics office.",politicsNews,2017-06-28,Real
Central bank holds interest rates steady amid climate concerns,"WASHINGTON (Reuters) - Officials said on Monday that the climate proposal would be reviewed by lawmakers, according to a statement. The spokesman said the process would take several weeks and that further details would be released after consultations with stakeholders.",worldnews,2017-01-21,Real
Court upholds ruling on energy regulation,"WASHINGTON (Reuters) - Officials said on Tuesday that the energy proposal would be reviewed by lawmakers, according to a statement. The spokesman said the process would take several weeks and that further details would be released after consultations with stakeholders.",worldnews,2017-02-08,Real
Officials report tax trade talks to resume next week,"LONDON (Reuters) - The ministry confirmed that the tax measures will take effect next quarter. Analysts said the impact on the economy was expected to be modest, citing data published by the statistics office.",worldnews,2017-10-23,Real
Senate committee approves defense budget amendment,"LONDON (Reuters) - The ministry confirmed that the defense measures will take effect next quarter. Analysts said the impact on the economy was expected to be modest, citing data published by the statistics office.",politicsNews,2017-11-03,Real
Wake up America! immigration plot to destroy everything,"They don't want you to know this but the immigration agenda is a total HOAX!!! Share this before it gets deleted. Everyone is lying to you and the so-called experts are in on it. Wake up people, the elites are laughing at you!",politics,2017-11-15,Fake
"SHOCKING: energy secret EXPOSED, media won't tell you!","They don't want you to know this but the energy agenda is a total HOAX!!! Share this before it gets deleted. Everyone is lying to you and the so-called experts are in on it. Wake up people, the elites are laughing at you!",Government News,2017-08-17,Fake
You won't BELIEVE what energy did last night!!!,"Can you believe this? The energy scandal is bigger than anyone is saying. Sources say it's all a massive cover-up and the mainstream media is complicit. DISGUSTING and TOTALLY outrageous, share now!!!",Government News,2017-11-24,Fake
Leaked: the TRUTH about education they are hiding,"They don't want you to know this but the education agenda is a total HOAX!!! Share this before it gets deleted. Everyone is lying to you and the so-called experts are in on it. Wake up people, the elites are laughing at you!",Government News,2017-02-18,Fake
Court upholds ruling on health regulation,"WASHINGTON (Reuters) - Officials said on Friday that the health proposal would be reviewed by lawmakers, according to a statement. The spokesman said the process would take several weeks and that further details would be released after consultations with stakeholders.",politicsNews,2017-02-15,Real
Wake up America! health plot to destroy everything,"Can you believe this? The health scandal is bigger than anyone is saying. Sources say it's all a massive cover-up and the mainstream media is complicit. DISGUSTING and TOTALLY outrageous, share now!!!",left-news,2017-01-03,Fake
"SHOCKING: climate secret EXPOSED, media won't tell you!","Can you believe this? The climate scandal is bigger than anyone is saying. Sources say it's all a massive cover-up and the mainstream media is complicit. DISGUSTING and TOTALLY outrageous, share now!!!",politics,2017-09-02,Fake
BREAKING: election cover-up revealed by anonymous insider,"They don't want you to know this but the election agenda is a total HOAX!!! Share this before it gets deleted. Everyone is lying to you and the so-called experts are in on it. Wake up people, the elites are laughing at you!",Government News,2017-01-13,Fake
Government announces new energy infrastructure plan,"LONDON (Reuters) - The ministry confirmed that the energy measures will take effect next quarter. Analysts said the impact on the economy was expected to be modest, citing data published by the statistics office.",worldnews,2017-09-27,Real
Wake up America! health plot to destroy everything,"They don't want you to know this but the health agenda is a total HOAX!!! Share this before it gets deleted. Everyone is lying to you and the so-called experts are in on it. Wake up people, the elites are laughing at you!",left-news,2017-10-16,Fake
Wake up America! tax plot to destroy everything,"They don't want you to know this but the tax agenda is a total HOAX!!! Share this before it gets deleted. Everyone is lying to you and the so-called experts are in on it. Wake up people, the elites are laughing at you!",News,2017-11-18,Fake
Senate committee approves immigration budget amendment,"LONDON (Reuters) - The ministry confirmed that the immigration measures will take effect next quarter. Analysts said the impact on the economy was expected to be modest, citing data published by the statistics office.",politicsNews,2017-06-08,Real
Wake up America! energy plot to destroy everything,"They don't want you to know this but the energy agenda is a total HOAX!!! Share this before it gets deleted. Everyone is lying to you and the so-called experts are in on it. Wake up people, the elites are laughing at you!",politics,2017-02-09,Fake
